login,ip_address,duration_seconds
claire052,192.168.24.166,3649
alex021,192.168.24.159,6271
nicolas091,192.168.24.174,4448
alex001,192.168.24.41,6104
quentin013,192.168.24.158,6624
antoine095,192.168.24.224,2585
antoine095,192.168.24.246,5578
sophie084,192.168.24.125,4746
vincent039,192.168.24.31,5452
yann097,192.168.24.216,5635
camille018,192.168.24.193,4364
manon014,192.168.24.187,3271
julie066,192.168.24.10,6976
manon014,192.168.24.132,5911
vincent019,192.168.24.134,124
sophie084,192.168.24.136,3146
manon034,192.168.24.18,1588
lea096,192.168.24.176,5887
nicolas091,192.168.24.229,592
claire092,192.168.24.148,5369
marie082,192.168.24.122,1782
laura050,192.168.24.119,5661
laura010,192.168.24.82,6863
ines020,192.168.24.240,2187
camille038,192.168.24.68,2366
camille018,192.168.24.182,3864
marie002,192.168.24.103,797
yann077,192.168.24.76,3836
claire052,192.168.24.188,5810
paul065,192.168.24.25,3013
ines060,192.168.24.189,1894
yann097,192.168.24.17,4666
yann077,192.168.24.43,3769
lea096,192.168.24.220,5687
lea056,192.168.24.172,1296
alex041,192.168.24.45,4380
quentin013,192.168.24.147,292
antoine075,192.168.24.95,903
yann057,192.168.24.223,6601
laura010,192.168.24.170,5779
nicolas091,192.168.24.185,456
claire052,192.168.24.177,4549
antoine095,192.168.24.191,915
max087,192.168.24.135,3342
vincent019,192.168.24.145,5602
alex041,192.168.24.133,4904
alex001,192.168.24.52,2283
nicolas091,192.168.24.163,6166
vincent039,192.168.24.97,1813
camille058,192.168.24.186,2215
luc063,192.168.24.22,4219
alex021,192.168.24.148,4130
yann097,192.168.24.205,6995
camille098,192.168.24.234,5449
camille098,192.168.24.201,2874
ines040,192.168.24.104,4815
laura030,192.168.24.34,4447
quentin073,192.168.24.26,408
max007,192.168.24.50,6007
yann037,192.168.24.17,4008
vincent039,192.168.24.64,1298
camille098,192.168.24.2,594
yann037,192.168.24.94,3134
camille058,192.168.24.241,3163
antoine075,192.168.24.117,3512
luc063,192.168.24.254,3604
marie062,192.168.24.4,2204
quentin073,192.168.24.48,3922
quentin073,192.168.24.15,230
antoine055,192.168.24.176,5493
claire012,192.168.24.107,2241
antoine095,192.168.24.213,240
paul005,192.168.24.58,3492
manon094,192.168.24.151,2129
julie026,192.168.24.238,4447
antoine055,192.168.24.132,2961
paul025,192.168.24.10,1382
quentin093,192.168.24.144,1278
lea036,192.168.24.43,150
camille058,192.168.24.208,6480
thomas029,192.168.24.38,7072
laura070,192.168.24.248,2669
manon094,192.168.24.217,6157
camille018,192.168.24.215,4562
claire012,192.168.24.129,5667
antoine055,192.168.24.209,6420
claire032,192.168.24.225,824
nicolas011,192.168.24.122,5231
ines060,192.168.24.211,223
yann017,192.168.24.153,928
laura030,192.168.24.211,610
sophie024,192.168.24.3,6714
laura010,192.168.24.159,2217
manon014,192.168.24.165,5399
max087,192.168.24.124,6568
julie006,192.168.24.76,2970
thomas009,192.168.24.75,2400
laura070,192.168.24.71,3906
julie006,192.168.24.54,3142
manon014,192.168.24.176,4119
manon014,192.168.24.121,4676
lea076,192.168.24.113,2071
manon054,192.168.24.147,3550
nicolas071,192.168.24.1,6058
ines040,192.168.24.126,4149
marie082,192.168.24.144,3428
marie022,192.168.24.254,4374
alex001,192.168.24.63,2036
vincent019,192.168.24.156,5934
nicolas091,192.168.24.130,700
lea056,192.168.24.227,6671
paul005,192.168.24.91,1303
nicolas011,192.168.24.111,5020
thomas009,192.168.24.119,7128
vincent079,192.168.24.112,6188
marie022,192.168.24.155,4188
lea096,192.168.24.10,864
claire052,192.168.24.144,1353
manon094,192.168.24.162,6312
lea076,192.168.24.69,4273
max027,192.168.24.245,3089
camille038,192.168.24.101,6014
nicolas031,192.168.24.52,1589
yann057,192.168.24.146,3407
vincent079,192.168.24.145,5253
sophie044,192.168.24.143,5532
alex001,192.168.24.8,5268
sophie004,192.168.24.29,3466
emma048,192.168.24.160,878
manon034,192.168.24.29,4423
max007,192.168.24.105,675
emma048,192.168.24.94,94
max027,192.168.24.24,3728
emma008,192.168.24.134,405
thomas069,192.168.24.252,33
laura050,192.168.24.108,1697
max067,192.168.24.28,2452
marie082,192.168.24.100,1281
marie062,192.168.24.26,918
marie002,192.168.24.26,6097
julie026,192.168.24.28,1677
sophie044,192.168.24.77,5897
luc023,192.168.24.250,6639
julie046,192.168.24.135,2889
luc003,192.168.24.110,5775
julie026,192.168.24.216,3496
vincent099,192.168.24.208,6989
quentin053,192.168.24.151,5690
max047,192.168.24.175,5387
laura070,192.168.24.16,3649
lea016,192.168.24.179,1163
ines040,192.168.24.71,2599
nicolas091,192.168.24.196,2896
antoine035,192.168.24.91,832
sophie024,192.168.24.202,4677
luc083,192.168.24.96,3436
marie062,192.168.24.247,4786
laura050,192.168.24.174,4032
max047,192.168.24.164,6641
emma068,192.168.24.24,1455
yann077,192.168.24.109,4608
laura090,192.168.24.200,3483
max067,192.168.24.238,3375
antoine095,192.168.24.235,4746
luc063,192.168.24.33,977
max087,192.168.24.179,3858
alex081,192.168.24.126,4454
max047,192.168.24.109,6860
marie022,192.168.24.188,1282
ines100,192.168.24.193,6818
sophie084,192.168.24.169,2911
paul065,192.168.24.235,6108
emma088,192.168.24.109,4405
laura010,192.168.24.137,1746
antoine055,192.168.24.143,1750
claire032,192.168.24.70,473
sophie084,192.168.24.158,78
antoine075,192.168.24.73,7078
max067,192.168.24.61,1601
camille078,192.168.24.50,3655
laura050,192.168.24.130,5225
quentin073,192.168.24.4,1237
max027,192.168.24.13,4269
antoine015,192.168.24.150,2050
vincent059,192.168.24.160,347
antoine035,192.168.24.14,7193
vincent059,192.168.24.226,3800
claire032,192.168.24.37,3855
thomas009,192.168.24.130,857
laura030,192.168.24.233,1979
vincent059,192.168.24.171,7063
ines040,192.168.24.115,3935
emma048,192.168.24.127,4573
luc043,192.168.24.136,2621
max007,192.168.24.138,6824
alex081,192.168.24.93,2255
sophie064,192.168.24.7,3602
paul045,192.168.24.95,6189
alex001,192.168.24.74,1858
laura070,192.168.24.49,1780
julie066,192.168.24.32,5926
camille018,192.168.24.149,3182
julie066,192.168.24.43,2490
lea016,192.168.24.212,774
laura090,192.168.24.211,2096
quentin053,192.168.24.173,4499
quentin053,192.168.24.206,3054
alex021,192.168.24.214,5152
max027,192.168.24.223,5532
antoine055,192.168.24.231,7195
vincent059,192.168.24.248,2530
camille098,192.168.24.212,4394
antoine095,192.168.24.202,4770
laura010,192.168.24.115,3062
sophie084,192.168.24.103,7048
quentin033,192.168.24.232,5546
luc003,192.168.24.99,5353
thomas089,192.168.24.182,3135
emma068,192.168.24.234,5477
nicolas091,192.168.24.218,5355
lea036,192.168.24.76,6982
sophie004,192.168.24.128,6631
paul085,192.168.24.132,3462
alex061,192.168.24.218,2906
quentin093,192.168.24.199,967
max067,192.168.24.50,1072
laura070,192.168.24.60,4217
julie046,192.168.24.124,1115
lea016,192.168.24.146,3301
yann077,192.168.24.131,2629
lea036,192.168.24.54,794
luc063,192.168.24.210,2861
luc023,192.168.24.184,2685
vincent099,192.168.24.31,5236
thomas069,192.168.24.75,4999
lea036,192.168.24.253,444
luc023,192.168.24.195,4032
ines100,192.168.24.204,3796
ines060,192.168.24.1,2719
julie066,192.168.24.21,1050
camille018,192.168.24.138,550
antoine055,192.168.24.187,872
lea096,192.168.24.231,6834
camille038,192.168.24.112,6447
quentin073,192.168.24.81,6325
sophie044,192.168.24.66,5516
antoine015,192.168.24.128,2199
paul085,192.168.24.154,6153
alex021,192.168.24.225,2474
camille078,192.168.24.72,6706
camille038,192.168.24.79,3495
luc043,192.168.24.125,4312
luc003,192.168.24.66,4627
luc083,192.168.24.74,4475
alex041,192.168.24.100,7004
paul005,192.168.24.69,2817
antoine095,192.168.24.158,6741
sophie004,192.168.24.73,2308
quentin053,192.168.24.195,6867
emma008,192.168.24.145,5447
ines020,192.168.24.152,943
manon014,192.168.24.99,572
yann097,192.168.24.183,6358
quentin093,192.168.24.243,5760
alex081,192.168.24.60,5875
paul005,192.168.24.124,2787
vincent039,192.168.24.75,1585
alex021,192.168.24.192,901
julie066,192.168.24.253,5464
ines080,192.168.24.130,2279
marie022,192.168.24.166,5018
manon094,192.168.24.250,6401
manon054,192.168.24.191,3017
claire092,192.168.24.159,359
claire072,192.168.24.74,1870
yann077,192.168.24.98,4381
julie086,192.168.24.194,2783
luc023,192.168.24.162,34
nicolas071,192.168.24.244,6551
lea036,192.168.24.98,1392
lea016,192.168.24.113,4818
camille098,192.168.24.245,3065
sophie044,192.168.24.55,1703
yann017,192.168.24.186,1340
emma088,192.168.24.164,5461
antoine015,192.168.24.106,3788
nicolas051,192.168.24.148,6824
ines080,192.168.24.75,6400
claire092,192.168.24.203,1663
claire072,192.168.24.30,6183
manon074,192.168.24.44,1622
alex061,192.168.24.229,5285
camille038,192.168.24.46,6461
vincent099,192.168.24.241,4045
nicolas031,192.168.24.41,3364
marie022,192.168.24.243,6408
alex021,192.168.24.203,7161
emma068,192.168.24.223,3474
yann037,192.168.24.50,7113
ines060,192.168.24.233,1612
laura090,192.168.24.156,3135
paul045,192.168.24.139,5118
max027,192.168.24.2,3618
quentin053,192.168.24.140,646
max067,192.168.24.6,3326
claire092,192.168.24.137,6429
luc083,192.168.24.162,6336
sophie084,192.168.24.114,6301
thomas089,192.168.24.160,441
max027,192.168.24.212,3298
camille038,192.168.24.24,2202
luc023,192.168.24.7,2549
paul025,192.168.24.209,1060
marie042,192.168.24.96,1012
julie046,192.168.24.168,3057
max027,192.168.24.35,1021
marie022,192.168.24.210,6276
lea076,192.168.24.47,6617
antoine075,192.168.24.51,75
luc083,192.168.24.107,540
yann037,192.168.24.72,510
claire072,192.168.24.52,5541
yann017,192.168.24.175,5170
manon094,192.168.24.173,3051
sophie084,192.168.24.147,3937
yann037,192.168.24.61,3315
yann057,192.168.24.157,233
ines060,192.168.24.178,7167
marie002,192.168.24.48,742
julie006,192.168.24.109,4975
thomas049,192.168.24.112,6111
quentin013,192.168.24.180,3316
lea076,192.168.24.58,5730
julie086,192.168.24.106,1836
emma008,192.168.24.101,1605
yann037,192.168.24.28,3973
laura070,192.168.24.38,5564
quentin093,192.168.24.188,5514
manon054,192.168.24.224,356
yann017,192.168.24.208,5604
sophie064,192.168.24.40,6636
claire012,192.168.24.85,3816
vincent059,192.168.24.204,1664
nicolas011,192.168.24.144,4405
laura090,192.168.24.167,2309
sophie004,192.168.24.84,6660
max087,192.168.24.157,1382
sophie064,192.168.24.239,393
max007,192.168.24.94,3130
emma068,192.168.24.13,6158
camille058,192.168.24.153,6051
luc003,192.168.24.77,1658
lea096,192.168.24.187,1654
luc083,192.168.24.173,4814
quentin033,192.168.24.55,2809
marie082,192.168.24.111,5816
nicolas011,192.168.24.166,2035
luc083,192.168.24.85,3846
camille058,192.168.24.197,1334
ines040,192.168.24.93,440
max007,192.168.24.72,4422
laura010,192.168.24.148,5520
antoine015,192.168.24.117,1200
yann077,192.168.24.54,1122
sophie004,192.168.24.40,1835
thomas089,192.168.24.127,7131
laura050,192.168.24.185,2087
lea076,192.168.24.80,3835
sophie044,192.168.24.121,3272
lea036,192.168.24.10,5372
luc083,192.168.24.140,3471
quentin073,192.168.24.70,6991
alex041,192.168.24.34,7015
max087,192.168.24.102,5509
luc023,192.168.24.239,6843
claire012,192.168.24.96,3138
ines080,192.168.24.108,5164
laura090,192.168.24.123,2707
marie002,192.168.24.81,290
antoine015,192.168.24.139,1173
thomas069,192.168.24.241,6859
claire032,192.168.24.26,3397
lea056,192.168.24.238,1480
claire052,192.168.24.199,3533
manon034,192.168.24.40,3705
julie066,192.168.24.220,2734
emma008,192.168.24.156,1896
camille038,192.168.24.35,6453
manon074,192.168.24.77,3175
paul065,192.168.24.36,3563
marie022,192.168.24.199,3093
emma048,192.168.24.171,1130
vincent079,192.168.24.123,2055
vincent039,192.168.24.20,4582
antoine035,192.168.24.25,647
laura090,192.168.24.222,6869
sophie044,192.168.24.132,1102
thomas089,192.168.24.171,2161
max007,192.168.24.149,5179
manon074,192.168.24.66,5734
julie066,192.168.24.54,4184
ines100,192.168.24.38,2242
alex041,192.168.24.122,591
julie026,192.168.24.205,4999
alex061,192.168.24.251,3304
marie002,192.168.24.114,1821
luc003,192.168.24.55,247
paul065,192.168.24.213,5656
julie006,192.168.24.142,385
alex021,192.168.24.247,5264
vincent099,192.168.24.252,894
lea016,192.168.24.157,2995
lea036,192.168.24.87,1966
vincent099,192.168.24.186,2825
thomas089,192.168.24.215,3754
sophie004,192.168.24.51,3709
laura070,192.168.24.82,6532
claire012,192.168.24.118,5272
marie082,192.168.24.166,2740
thomas049,192.168.24.145,2261
thomas029,192.168.24.27,287
claire032,192.168.24.48,7106
max087,192.168.24.146,5962
paul025,192.168.24.187,4393
claire012,192.168.24.184,6934
alex061,192.168.24.174,7110
antoine075,192.168.24.18,1238
ines020,192.168.24.141,2816
quentin033,192.168.24.44,5995
camille078,192.168.24.94,4165
emma068,192.168.24.245,3135
yann097,192.168.24.6,6552
ines100,192.168.24.16,4304
camille078,192.168.24.116,6834
quentin093,192.168.24.210,4650
camille098,192.168.24.190,366
julie086,192.168.24.172,267
paul085,192.168.24.88,6202
max007,192.168.24.83,1052
vincent099,192.168.24.20,2997
manon014,192.168.24.154,1771
alex001,192.168.24.85,1173
laura090,192.168.24.134,2794
alex041,192.168.24.78,4190
thomas049,192.168.24.178,1755
antoine055,192.168.24.154,5617
vincent099,192.168.24.197,133
max047,192.168.24.76,2364
sophie044,192.168.24.88,2603
manon074,192.168.24.11,3425
antoine035,192.168.24.47,6649
thomas069,192.168.24.53,6466
manon074,192.168.24.110,2028
paul045,192.168.24.62,2487
claire012,192.168.24.140,4592
lea056,192.168.24.139,3359
vincent079,192.168.24.101,2153
sophie004,192.168.24.117,6246
marie062,192.168.24.225,2169
julie006,192.168.24.131,6641
marie042,192.168.24.52,5561
camille018,192.168.24.160,3156
paul045,192.168.24.117,106
sophie084,192.168.24.92,190
thomas049,192.168.24.156,2338
laura090,192.168.24.189,6845
luc063,192.168.24.11,4996
luc043,192.168.24.70,701
laura070,192.168.24.5,3839
manon014,192.168.24.110,1758
thomas009,192.168.24.108,1937
max087,192.168.24.190,1075
paul065,192.168.24.224,5923
manon054,192.168.24.158,1074
claire052,192.168.24.122,5249
manon074,192.168.24.55,5914
vincent019,192.168.24.211,2215
alex081,192.168.24.137,690
emma028,192.168.24.9,4567
alex041,192.168.24.56,1319
julie086,192.168.24.139,2265
camille058,192.168.24.175,2062
thomas009,192.168.24.163,3744
manon094,192.168.24.206,5004
vincent039,192.168.24.42,5915
yann017,192.168.24.197,6518
lea016,192.168.24.124,3539
vincent079,192.168.24.90,3716
emma088,192.168.24.153,4653
max007,192.168.24.127,2431
camille038,192.168.24.57,3757
yann097,192.168.24.238,6628
laura030,192.168.24.23,1785
manon094,192.168.24.195,4993
luc023,192.168.24.217,946
alex041,192.168.24.67,495
sophie064,192.168.24.206,4753
luc003,192.168.24.22,1935
antoine075,192.168.24.84,6338
max087,192.168.24.168,6915
max047,192.168.24.98,3619
paul005,192.168.24.135,867
quentin033,192.168.24.243,5383
camille058,192.168.24.252,7174
luc043,192.168.24.147,2166
sophie064,192.168.24.29,4289
claire072,192.168.24.19,6734
marie062,192.168.24.236,1492
thomas089,192.168.24.138,3812
luc063,192.168.24.199,3589
antoine035,192.168.24.69,7042
manon054,192.168.24.169,372
ines020,192.168.24.185,1325
luc023,192.168.24.206,189
claire092,192.168.24.192,2055
sophie024,192.168.24.224,731
laura030,192.168.24.244,2311
nicolas051,192.168.24.192,2762
julie006,192.168.24.43,789
alex001,192.168.24.96,6063
thomas029,192.168.24.215,611
alex041,192.168.24.89,686
luc003,192.168.24.44,4961
quentin053,192.168.24.162,1251
nicolas031,192.168.24.240,3902
lea076,192.168.24.124,6979
yann077,192.168.24.87,5498
paul025,192.168.24.198,6303
nicolas011,192.168.24.177,1368
julie066,192.168.24.231,5134
ines040,192.168.24.60,6157
alex021,192.168.24.181,4188
thomas089,192.168.24.116,1141
ines060,192.168.24.244,3294
antoine075,192.168.24.62,6181
sophie044,192.168.24.99,1985
lea096,192.168.24.198,652
luc063,192.168.24.243,2599
thomas069,192.168.24.9,2519
paul085,192.168.24.176,4503
yann017,192.168.24.131,415
camille058,192.168.24.230,915
ines100,192.168.24.226,1283
alex001,192.168.24.107,869
max027,192.168.24.201,2583
emma048,192.168.24.83,4363
max027,192.168.24.190,5870
max067,192.168.24.216,2563
ines080,192.168.24.64,6303
antoine015,192.168.24.172,4628
nicolas051,192.168.24.203,6347
antoine095,192.168.24.180,2578
ines040,192.168.24.38,4471
thomas009,192.168.24.64,6362
manon074,192.168.24.33,4745
camille018,192.168.24.171,4911
vincent019,192.168.24.178,5614
claire072,192.168.24.8,795
quentin093,192.168.24.155,1984
julie026,192.168.24.183,4352
antoine015,192.168.24.205,6149
paul045,192.168.24.73,3775
vincent039,192.168.24.53,4016
yann037,192.168.24.83,1378
nicolas031,192.168.24.218,4707
julie006,192.168.24.120,2196
yann097,192.168.24.249,1021
paul005,192.168.24.113,6284
laura070,192.168.24.27,3652
nicolas031,192.168.24.30,6645
camille018,192.168.24.127,4915
julie046,192.168.24.113,2202
emma088,192.168.24.197,5295
nicolas011,192.168.24.78,5629
paul045,192.168.24.106,624
laura010,192.168.24.93,3018
thomas089,192.168.24.149,1518
camille078,192.168.24.138,3682
paul025,192.168.24.176,6260
emma008,192.168.24.57,5096
sophie004,192.168.24.95,7151
lea056,192.168.24.183,1969
yann097,192.168.24.227,4948
quentin033,192.168.24.22,526
luc083,192.168.24.129,6853
emma088,192.168.24.186,717
manon034,192.168.24.51,1178
lea076,192.168.24.25,1822
alex041,192.168.24.111,1552
antoine035,192.168.24.58,7086
emma028,192.168.24.208,1870
max087,192.168.24.113,5593
alex081,192.168.24.71,2370
lea016,192.168.24.201,4072
marie042,192.168.24.140,4900
antoine015,192.168.24.183,4445
marie002,192.168.24.70,3486
paul065,192.168.24.47,603
manon054,192.168.24.213,7080
sophie064,192.168.24.217,1587
julie046,192.168.24.69,630
thomas089,192.168.24.193,2711
manon034,192.168.24.84,2311
claire052,192.168.24.155,6102
max087,192.168.24.201,5127
nicolas071,192.168.24.34,724
nicolas071,192.168.24.89,5102
paul085,192.168.24.121,6876
ines040,192.168.24.82,498
ines040,192.168.24.27,6057
quentin093,192.168.24.177,3909
quentin033,192.168.24.33,3328
paul005,192.168.24.80,2306
luc043,192.168.24.48,355
vincent079,192.168.24.79,3918
paul065,192.168.24.14,1644
vincent059,192.168.24.215,6719
paul025,192.168.24.220,1081
ines020,192.168.24.174,3591
quentin033,192.168.24.77,7088
max047,192.168.24.142,2508
vincent039,192.168.24.86,2460
lea056,192.168.24.205,1361
max067,192.168.24.17,5741
antoine035,192.168.24.246,3819
lea036,192.168.24.32,6878
laura090,192.168.24.178,6190
ines100,192.168.24.5,6041
julie046,192.168.24.146,593
camille078,192.168.24.61,5048
nicolas051,192.168.24.115,786
ines060,192.168.24.200,1856
nicolas091,192.168.24.207,1866
nicolas031,192.168.24.19,3904
vincent079,192.168.24.134,6910
ines080,192.168.24.152,664
thomas069,192.168.24.230,4518
claire052,192.168.24.210,4624
julie086,192.168.24.183,3215
luc043,192.168.24.92,5415
lea096,192.168.24.209,4880
emma008,192.168.24.68,7089
manon014,192.168.24.198,5296
quentin053,192.168.24.118,109
marie062,192.168.24.214,974
lea096,192.168.24.165,3279
ines040,192.168.24.49,529
antoine015,192.168.24.194,2182
quentin073,192.168.24.103,3760
max047,192.168.24.153,5040
quentin093,192.168.24.232,3839
thomas049,192.168.24.123,4562
laura050,192.168.24.141,7017
luc043,192.168.24.103,4811
emma028,192.168.24.42,1834
quentin053,192.168.24.129,946
ines100,192.168.24.248,1472
thomas069,192.168.24.31,1751
lea016,192.168.24.190,4204
quentin013,192.168.24.92,6324
emma048,192.168.24.105,5501
julie086,192.168.24.128,1827
camille078,192.168.24.83,5922
manon094,192.168.24.184,1404
marie042,192.168.24.118,2046
alex081,192.168.24.82,1950
emma088,192.168.24.208,3541
yann057,192.168.24.190,2751
claire032,192.168.24.59,6002
yann017,192.168.24.142,7084
alex081,192.168.24.104,2781
luc063,192.168.24.221,5998
paul065,192.168.24.3,5523
camille098,192.168.24.179,6441
quentin013,192.168.24.136,6762
laura050,192.168.24.163,4170
lea076,192.168.24.36,1470
laura030,192.168.24.1,5510
manon014,192.168.24.143,2607
yann057,192.168.24.168,1499
emma028,192.168.24.230,2799
alex021,192.168.24.236,6924
julie086,192.168.24.161,4008
manon094,192.168.24.239,968
marie082,192.168.24.89,5714
claire052,192.168.24.111,1101
sophie064,192.168.24.18,43
camille038,192.168.24.13,3228
manon054,192.168.24.125,4556
ines020,192.168.24.163,2434
emma088,192.168.24.142,4878
luc043,192.168.24.81,3464
emma048,192.168.24.116,6723
lea056,192.168.24.194,7112
emma068,192.168.24.2,5578
alex001,192.168.24.19,942
quentin053,192.168.24.184,325
marie042,192.168.24.74,1956
claire012,192.168.24.173,2686
manon034,192.168.24.250,2066
julie086,192.168.24.150,3600
quentin033,192.168.24.254,5323
laura010,192.168.24.71,5237
max047,192.168.24.131,5793
sophie004,192.168.24.106,83
claire092,192.168.24.214,6904
vincent099,192.168.24.230,6766
emma068,192.168.24.57,2495
claire092,192.168.24.225,196
nicolas051,192.168.24.181,59
claire072,192.168.24.251,2775
luc043,192.168.24.59,5103
manon034,192.168.24.62,3486
yann017,192.168.24.164,1282
nicolas011,192.168.24.155,6003
thomas069,192.168.24.42,3551
quentin033,192.168.24.66,6588
antoine035,192.168.24.3,2076
ines080,192.168.24.141,3633
lea036,192.168.24.65,6203
manon074,192.168.24.22,5189
antoine075,192.168.24.40,5663
paul085,192.168.24.187,6582
julie066,192.168.24.209,5471
ines100,192.168.24.215,5824
ines060,192.168.24.12,2312
vincent019,192.168.24.189,4428
thomas029,192.168.24.248,512
julie046,192.168.24.91,1776
max067,192.168.24.39,4571
manon054,192.168.24.136,1243
ines100,192.168.24.27,5358
camille018,192.168.24.226,7081
paul005,192.168.24.47,5749
paul085,192.168.24.165,6048
emma028,192.168.24.252,4849
thomas069,192.168.24.64,4781
luc003,192.168.24.33,4169
alex061,192.168.24.185,598
vincent059,192.168.24.5,6751
laura070,192.168.24.237,5393
sophie024,192.168.24.213,675
laura010,192.168.24.104,1362
luc003,192.168.24.88,5895
julie026,192.168.24.249,6217
marie062,192.168.24.15,343
vincent099,192.168.24.9,3581
paul045,192.168.24.84,2620
paul005,192.168.24.36,1337
marie062,192.168.24.203,256
thomas009,192.168.24.86,683
paul045,192.168.24.150,4642
nicolas051,192.168.24.159,2296
lea056,192.168.24.161,6169
claire052,192.168.24.133,2175
emma028,192.168.24.31,4850
marie042,192.168.24.63,7090
claire072,192.168.24.63,2572
sophie084,192.168.24.180,2476
ines080,192.168.24.119,1989
emma048,192.168.24.182,2196
quentin013,192.168.24.169,2614
paul045,192.168.24.161,849
ines080,192.168.24.53,2301
marie082,192.168.24.155,3369
alex061,192.168.24.19,6941
claire032,192.168.24.15,3499
yann017,192.168.24.219,3488
yann097,192.168.24.194,2500
emma008,192.168.24.90,4759
antoine015,192.168.24.161,6132
emma028,192.168.24.219,554
paul085,192.168.24.110,7021
max067,192.168.24.249,2702
sophie024,192.168.24.169,1991
lea056,192.168.24.216,6582
claire012,192.168.24.162,5638
claire092,192.168.24.236,5119
alex021,192.168.24.170,1493
emma068,192.168.24.46,4692
laura090,192.168.24.145,6265
marie082,192.168.24.67,1924
alex081,192.168.24.148,1163
sophie024,192.168.24.14,596
nicolas071,192.168.24.23,5427
emma008,192.168.24.79,2992
claire092,192.168.24.170,6208
claire092,192.168.24.181,284
thomas089,192.168.24.204,1763
quentin073,192.168.24.37,2035
laura030,192.168.24.12,4006
sophie024,192.168.24.246,4011
sophie004,192.168.24.62,4857
laura030,192.168.24.45,1113
thomas049,192.168.24.101,906
alex061,192.168.24.8,5596
nicolas071,192.168.24.45,2354
luc083,192.168.24.118,1724
marie042,192.168.24.129,4772
alex001,192.168.24.30,234
alex081,192.168.24.115,2649
emma008,192.168.24.123,599
yann057,192.168.24.201,6439
camille018,192.168.24.204,2089
paul025,192.168.24.231,5434
yann017,192.168.24.120,6221
thomas009,192.168.24.97,7036
emma068,192.168.24.35,5072
emma028,192.168.24.197,2060
marie022,192.168.24.221,1353
paul065,192.168.24.202,4440
marie022,192.168.24.177,1659
vincent079,192.168.24.57,6122
nicolas011,192.168.24.89,5338
lea076,192.168.24.102,4596
camille098,192.168.24.223,3539
max007,192.168.24.61,3793
sophie064,192.168.24.250,5836
vincent059,192.168.24.182,3885
claire032,192.168.24.247,3561
sophie044,192.168.24.154,5317
alex061,192.168.24.196,6365
nicolas031,192.168.24.8,6457
julie046,192.168.24.102,4174
camille098,192.168.24.24,5334
vincent039,192.168.24.119,4774
manon054,192.168.24.180,2555
ines080,192.168.24.97,3999
sophie024,192.168.24.180,504
sophie064,192.168.24.228,2116
alex081,192.168.24.159,1265
vincent099,192.168.24.219,3471
luc063,192.168.24.188,4917
luc043,192.168.24.114,4660
vincent079,192.168.24.68,7087
camille058,192.168.24.164,6671
quentin013,192.168.24.103,6386
julie026,192.168.24.227,1765
antoine095,192.168.24.3,3104
claire032,192.168.24.236,5428
camille058,192.168.24.219,5774
sophie084,192.168.24.81,5727
lea016,192.168.24.135,4810
lea016,192.168.24.168,1826
julie006,192.168.24.87,6972
nicolas071,192.168.24.12,1420
paul065,192.168.24.246,6067
ines060,192.168.24.167,6545
emma008,192.168.24.112,5801
nicolas051,192.168.24.137,3499
marie042,192.168.24.41,586
max007,192.168.24.116,4552
paul085,192.168.24.99,3224
claire012,192.168.24.151,1829
thomas049,192.168.24.189,5908
julie026,192.168.24.17,5681
julie006,192.168.24.65,822
vincent019,192.168.24.222,6326
yann097,192.168.24.172,5741
julie046,192.168.24.80,4434
laura050,192.168.24.97,2838
thomas049,192.168.24.90,975
laura030,192.168.24.222,4241
vincent059,192.168.24.237,2894
marie002,192.168.24.37,4497
nicolas011,192.168.24.133,1431
manon094,192.168.24.228,5914
camille078,192.168.24.39,6217
julie066,192.168.24.242,2601
emma088,192.168.24.175,252
claire072,192.168.24.41,1954
laura030,192.168.24.56,5955
quentin093,192.168.24.166,1064
julie006,192.168.24.98,2847
paul005,192.168.24.102,1793
thomas029,192.168.24.204,88
quentin013,192.168.24.191,2223
antoine055,192.168.24.198,2927
quentin073,192.168.24.59,5037
marie002,192.168.24.59,4867
nicolas031,192.168.24.63,802
vincent019,192.168.24.167,968
yann037,192.168.24.105,47
sophie024,192.168.24.191,2003
nicolas031,192.168.24.251,2020
ines020,192.168.24.229,5925
julie086,192.168.24.117,4029
nicolas011,192.168.24.100,614
thomas029,192.168.24.49,2736
marie062,192.168.24.192,2742
manon054,192.168.24.202,6551
camille078,192.168.24.127,4518
alex061,192.168.24.207,2316
antoine075,192.168.24.29,5404
thomas029,192.168.24.237,5199
ines100,192.168.24.237,3597
lea076,192.168.24.91,441
luc023,192.168.24.173,4936
ines020,192.168.24.207,56
vincent019,192.168.24.233,5280
nicolas071,192.168.24.56,4252
vincent079,192.168.24.46,1333
antoine055,192.168.24.220,4616
yann077,192.168.24.32,1024
quentin013,192.168.24.114,488
quentin033,192.168.24.11,836
ines020,192.168.24.218,5945
manon074,192.168.24.99,3303
quentin013,192.168.24.125,1906
sophie024,192.168.24.235,6025
julie026,192.168.24.6,6009
quentin093,192.168.24.221,1815
emma028,192.168.24.20,1915
max047,192.168.24.120,4480
claire072,192.168.24.96,1661
yann037,192.168.24.6,3359
manon034,192.168.24.73,1533
yann057,192.168.24.179,6063
yann077,192.168.24.65,6595
sophie044,192.168.24.110,2205
lea036,192.168.24.21,4458
antoine055,192.168.24.165,2074
yann057,192.168.24.212,3402
thomas049,192.168.24.134,1303
camille038,192.168.24.90,5736
ines060,192.168.24.222,5436
emma068,192.168.24.68,3356
claire032,192.168.24.4,2932
camille098,192.168.24.13,4174
nicolas071,192.168.24.78,5215
marie042,192.168.24.85,3337
luc023,192.168.24.228,3003
nicolas031,192.168.24.229,4750
laura010,192.168.24.126,2940
marie002,192.168.24.92,274
marie082,192.168.24.78,3167
julie046,192.168.24.157,2031
nicolas051,192.168.24.126,5226
quentin073,192.168.24.92,626
max067,192.168.24.227,5493
thomas049,192.168.24.167,4984
nicolas071,192.168.24.67,5468
paul025,192.168.24.242,3923
camille078,192.168.24.105,3525
yann057,192.168.24.234,5517
nicolas051,192.168.24.104,446
marie042,192.168.24.107,4696
manon074,192.168.24.88,4079
paul025,192.168.24.253,4533
thomas009,192.168.24.141,3143
ines020,192.168.24.196,3746
quentin053,192.168.24.217,4801
marie002,192.168.24.15,5573
yann057,192.168.24.245,7108
thomas029,192.168.24.226,5828
lea096,192.168.24.253,2019
claire072,192.168.24.85,6637
marie062,192.168.24.181,4422
nicolas091,192.168.24.141,3882
thomas029,192.168.24.16,582
antoine035,192.168.24.80,4538
max027,192.168.24.234,5353
marie082,192.168.24.133,556
yann037,192.168.24.39,1781
marie022,192.168.24.232,4448
laura050,192.168.24.196,6961
vincent019,192.168.24.200,6181
manon034,192.168.24.7,1599
emma088,192.168.24.120,250
nicolas051,192.168.24.170,391
luc003,192.168.24.121,4494
antoine035,192.168.24.36,3660
vincent039,192.168.24.108,509
thomas069,192.168.24.20,2380
luc063,192.168.24.232,6472
vincent059,192.168.24.193,1852
emma048,192.168.24.138,2482
yann077,192.168.24.120,4907
paul025,192.168.24.21,2201
max047,192.168.24.87,1322
nicolas091,192.168.24.152,188
thomas029,192.168.24.5,1905
thomas009,192.168.24.152,2307
lea096,192.168.24.242,5168
julie086,192.168.24.95,4971
julie026,192.168.24.194,7176
emma088,192.168.24.131,3257
manon034,192.168.24.239,925
emma028,192.168.24.241,202
alex061,192.168.24.240,4203
antoine075,192.168.24.106,6406
paul085,192.168.24.143,4439
paul045,192.168.24.128,3784
emma048,192.168.24.149,5464
laura050,192.168.24.152,2192
ines080,192.168.24.86,4300
lea056,192.168.24.150,5114
antoine095,192.168.24.169,1371
luc083,192.168.24.151,3220
sophie064,192.168.24.195,3185
